{"epoch/vali_loss":0.2248385101556778,"epoch/test_loss":0.2913256585597992,"summary/best_vali_loss":0.22476623952388763,"quantum/pattern_4_count":56,"quantum/logits_mean":0.12131113559007645,"quantum/exp_val_std":0.691286027431488,"pred/base_pred_norm":4.125911235809326,"epoch/train_loss":0.40797305066529876,"test/retrieval_0":{"_type":"image-file","sha256":"e5dcc3df71dbb59205057b7178cfddbec191351faa644ddc3c4fd0333b1030da","size":314022,"path":"media/images/test/retrieval_0_2571_e5dcc3df71dbb5920505.png","format":"png","width":2384,"height":731},"pred/combined_pred_norm":2.6127710342407227,"epoch/grad_norm":0.3227643370628357,"_runtime":199,"test/pred_vs_gt_60":{"_type":"image-file","sha256":"ad8b8d5cc7cafd7583eb16cf856ea9e7ee5eefc8d462f6d2df02c2c8c7255e4a","size":44574,"path":"media/images/test/pred_vs_gt_60_2574_ad8b8d5cc7cafd7583eb.png","format":"png","width":559,"height":413},"pred/selected_pattern_norm":2.677751064300537,"quantum/soft_entropy":1.5657715797424316,"test/mae":0.3492306172847748,"_step":2576,"quantum/pattern_3_count":60,"test/mape":1.4103095531463623,"test/retrieval_60":{"size":311007,"path":"media/images/test/retrieval_60_2574_69ef20d59f128c9059c0.png","format":"png","width":2384,"height":731,"_type":"image-file","sha256":"69ef20d59f128c9059c0619b44ac0ad82b30426a52df3248456e2d16f64a56ff"},"quantum/logits_std":0.2951663136482239,"train/visualization":{"_type":"image-file","sha256":"9cb481257f0d8ccfec39dd53b4bdaa3125954e50d8cbeda7ef9bf908210ebcf7","size":315315,"path":"media/images/train/visualization_2313_9cb481257f0d8ccfec39.png","format":"png","width":2384,"height":731},"pred/base_ratio":0.6064250478089123,"epoch/learning_rate":3.90625e-07,"test/mspe":370.0018615722656,"model/trainable_params":69368,"quantum/pattern_1_count":29,"test/mse":0.2849382758140564,"quantum/pattern_2_count":42,"test/pred_vs_gt_20":{"path":"media/images/test/pred_vs_gt_20_2572_a7016cacc2640871cd7a.png","format":"png","width":559,"height":413,"_type":"image-file","sha256":"a7016cacc2640871cd7a821fc82200614c1ed895272730a91f94c88a21430582","size":47494},"quantum/pattern_0_count":37,"model/total_params":69368,"_wandb":{"runtime":199},"quantum/exp_val_mean":-0.03143327310681343,"test/retrieval_80":{"path":"media/images/test/retrieval_80_2575_119e6d72e9a2fe8ab398.png","format":"png","width":2384,"height":731,"_type":"image-file","sha256":"119e6d72e9a2fe8ab39860ea7153483d299df7a08718f4990713f386790baa54","size":298359},"epoch/best_epoch":7,"_timestamp":1.770397785625743e+09,"epoch/epoch_time_sec":12.148447036743164,"test/pred_vs_gt_0":{"height":413,"_type":"image-file","sha256":"4729e493f8f480c04ad0dc8fbc5a614170125b1e908e5b610e4a286ee2280ed1","size":55625,"path":"media/images/test/pred_vs_gt_0_2571_4729e493f8f480c04ad0.png","format":"png","width":567},"train/step_loss":0.46743449568748474,"test/pred_vs_gt_80":{"format":"png","width":568,"height":413,"_type":"image-file","sha256":"4522d924a322f10cf6cf9422380cdc19d6144d6b366fa878c1d5813a4b000d59","size":58590,"path":"media/images/test/pred_vs_gt_80_2575_4522d924a322f10cf6cf.png"},"epoch/best_vali_loss":0.22476623952388763,"epoch/epoch":10,"test/pred_vs_gt_40":{"width":568,"height":413,"_type":"image-file","sha256":"30c56536b673020afd05489ef7bf1b52c58165802906e07e072c3818c2aa34b5","size":62824,"path":"media/images/test/pred_vs_gt_40_2573_30c56536b673020afd05.png","format":"png"},"test/rmse":0.5337960720062256,"test/retrieval_20":{"width":2384,"height":731,"_type":"image-file","sha256":"c71e440dd9a2685548f9dd4b055273fc9828102c0e54635d5f88753d4eb3768f","size":345670,"path":"media/images/test/retrieval_20_2572_c71e440dd9a2685548f9.png","format":"png"},"test/retrieval_40":{"format":"png","width":2384,"height":731,"_type":"image-file","sha256":"094f77695337e6e43cc1d08c749bb5afd9cc1776df458993f992592b4fed25ad","size":327085,"path":"media/images/test/retrieval_40_2573_094f77695337e6e43cc1.png"}}